,id,date,from_id,to_id,fwd_from,message,type,duration
0,855662,2022-02-09 18:08:21+00:00,PeerUser(user_id=463034736),395158213,,üòç,sticker,
1,855661,2022-02-09 18:08:01+00:00,,463034736,,"–í—Å–µ, —á—É–¥–æ–≤–æ",text,
2,855550,2022-02-09 10:05:23+00:00,PeerUser(user_id=463034736),395158213,,—è –≤–∂–µ –ø—Ä–∏–¥—É–º–∞–ª–∞..,text,
3,855549,2022-02-09 10:04:41+00:00,PeerUser(user_id=463034736),395158213,,–∑–∞–±–∞—Ö–∞—î–º —Ç–æ–±—ñ –ø—Ä–æ–≥—Ä–∞–º—É,text,
4,855548,2022-02-09 10:04:35+00:00,PeerUser(user_id=463034736),395158213,,–∂–¥—É!!!!,text,
5,855547,2022-02-09 10:04:33+00:00,PeerUser(user_id=463034736),395158213,,–¥–∞!!!!,text,
6,855546,2022-02-09 10:04:01+00:00,,463034736,,"–Ø –ø—Ä–∏—ó–¥—É –¥–æ —Ç–µ–±–µ, –æ–∫?",text,
7,855545,2022-02-09 10:03:51+00:00,,463034736,,–Ø –∑ –Ω–∏–º–∏ –Ω–µ —ó–¥—É,text,
8,855544,2022-02-09 10:03:48+00:00,,463034736,,–ö–æ—Ä–æ—Ç—à–µ,text,
9,855530,2022-02-09 09:30:22+00:00,,463034736,,–ü—Ä–æ—Å—Ç–æ –º–æ–∂–µ –≤ —Ç–µ–±–µ —è–∫—ñ—Å—å —ñ–¥–µ—ó,text,
10,855529,2022-02-09 09:30:13+00:00,,463034736,,–ó–Ω–∞—é –∑–Ω–∞—é,text,
11,855528,2022-02-09 09:30:06+00:00,PeerUser(user_id=463034736),395158213,,–±–æ —Ü–µ –∂ —Ç–∏ —ó–¥–µ—à –∞ –Ω–µ —è...,text,
12,855527,2022-02-09 09:29:58+00:00,PeerUser(user_id=463034736),395158213,,–∞–ª–µ —Ç—É—Ç —è –Ω–µ –±–µ—Ä—É—Å—å —Å–æ–≤—î—Ç–æ–≤–∞—Ç—å,text,
13,855526,2022-02-09 09:29:13+00:00,PeerUser(user_id=463034736),395158213,,–Ω—É—É—É —Ü–µ –±—É–¥–µ –ø—Ä–æ–¥—É–∫—Ç–∏–≤–Ω–æü§îü§îü§î –∑—ñ —Å—Ç–æ—Ä–æ–Ω–∏ –≤—ñ–¥–ø–æ—á–∏–Ω–∫—É,text,
14,855525,2022-02-09 09:28:48+00:00,PeerUser(user_id=463034736),395158213,,–±–ª—ñ–Ω,text,
15,855524,2022-02-09 09:28:46+00:00,PeerUser(user_id=463034736),395158213,,—Ö–∞—Ö–∞—Ö—Ö–∞—Ö—Ö–∞—Ö—Ö,text,
16,855523,2022-02-09 09:26:42+00:00,,463034736,,,voice,40
17,855519,2022-02-09 09:19:37+00:00,PeerUser(user_id=463034736),395158213,,–∑ —Ç–æ–≥–æ –ø–µ—Ä—ñ–æ–¥—É –ø—Ä–æ –Ω–µ—ó –Ω–µ —á—É–ª–∞ü§î,text,
18,855518,2022-02-09 09:19:23+00:00,PeerUser(user_id=463034736),395158213,,–±–ª—ñ–Ω –ø—Ä–∏–∫–æ–ª—å–Ω–æ,text,
19,855517,2022-02-09 09:16:35+00:00,,463034736,,"–¢–∞ —Ç–∞, —ñ –Ω–∞ —Ç—Å—Ä –≤–∂–µ –¥–≤–∞ —Ä–∞–∑–∏ —ó–∑–¥–∏–ª–∞",text,
20,855516,2022-02-09 09:13:37+00:00,PeerUser(user_id=463034736),395158213,,–∑–≤—ñ—Å–Ω–æ!!!!,text,
21,855515,2022-02-09 09:13:29+00:00,PeerUser(user_id=463034736),395158213,,–∞–∞–∞ –±–ª—ñ–Ω —Ü—è –∫—Ä–æ—à–∫–∞ –±—É–ª–∞ –∑ –Ω–∞–º–∏ –Ω–∞ –ø—Ä–æ–∑—ñ —á–∏ –¥–µ—Å—å....,text,
22,855514,2022-02-09 09:10:39+00:00,,463034736,,–¢–æ–¥—ñ —è –º–æ–∂—É –ø–æ–¥—É–º–∞—Ç–∏ –Ω–∞–¥ —Ü–∏–º?,text,
23,855513,2022-02-09 09:10:21+00:00,,463034736,,,photo,
24,855511,2022-02-09 09:02:08+00:00,PeerUser(user_id=463034736),395158213,,–∞–ª–µ –ø–æ–∫–∞–∂—É —Ç–æ–±—ñ –≤—Å–µ –Ω–∞ —Å–≤—ñ—Ç—ñ –∑ —Ä–∞–¥—ñ—Å—Ç—é,text,
25,855510,2022-02-09 09:01:55+00:00,PeerUser(user_id=463034736),395158213,,–ø—Ä–æ—Å—Ç–æ —ó—Ö–∞—Ç–∏ –Ω–µ —Ö–æ—á—É –Ω—ñ–∫—É–¥–∏üò≠,text,
26,855509,2022-02-09 09:01:42+00:00,PeerUser(user_id=463034736),395158213,,"–Ω—É, —è —É –¥–Ω—ñ–ø—Ä—ñ —Ç–æ–±—ñ –±—É–¥—É —Ä–∞–¥–∞ —Å—Ç–æ –≤—ñ–¥—Å–æ—Ç–∫—ñ–≤ —Ö—Ö–∞—Ö–∞—Ö–∞—Ö",text,
27,855508,2022-02-09 09:01:19+00:00,PeerUser(user_id=463034736),395158213,,–∞ –º–∞—Ä—ñ—á–∫–∞ —Ü–µ —Ö—É??,text,
28,855507,2022-02-09 08:59:33+00:00,,463034736,,,voice,48
29,855506,2022-02-09 08:57:51+00:00,PeerUser(user_id=463034736),395158213,,–µ—Ö –≤–∞–∂–∫–æ,text,
30,855505,2022-02-09 08:57:36+00:00,PeerUser(user_id=463034736),395158213,,"+ –∫–∞—Ç—è –≤—ñ–¥–≤–∞–ª–∏–ª–∞—Å—å, —Ç—Ä–æ—à–∫–∏ —Å—É–º–Ω–æ",text,
31,855504,2022-02-09 08:57:27+00:00,PeerUser(user_id=463034736),395158213,,"—è–∫–±–∏ –±—É–ª–æ –± —É–∂–µ —Ç–µ–ø–ª–æ, —è –±–∏ —Ç—Ä–æ—à–∫–∏ –±—ñ–ª—å—à–µ –±—É–ª–∞ –∑–∞",text,
32,855503,2022-02-09 08:56:35+00:00,PeerUser(user_id=463034736),395158213,,"–±–ª—ñ–Ω, –Ω–µ –∑–Ω–∞—é, –æ—Ü—ñ —Ç—Å—Ä–∏ –≤ —Ö–æ–ª–æ–¥–Ω–∏–π —á–∞—Å –¥—É–∂–µ –Ω–µ –¥—É–∂–µ",text,
33,855502,2022-02-09 08:56:11+00:00,PeerUser(user_id=463034736),395158213,,—Ä–æ–∑—É–º—ñ—é!!,text,
34,855501,2022-02-09 08:55:15+00:00,,463034736,,–Ü —Ç–µ–ø–µ—Ä —Ö–∑ —â–æ —Ä–æ–±–∏—Ç–∏,text,
35,855500,2022-02-09 08:55:11+00:00,,463034736,,"–ë–æ —è —á–µ—Å—Ç–Ω–æ –∫–∞–∂—É—á–∏ –¥—É–∂–µ –Ω–µ –≤–ø–µ–≤–Ω–µ–Ω–∞, —â–æ —Ö–æ—á—É —ó—Ö–∞—Ç–∏ –∑ –æ–¥–Ω–æ–≥—Ä—É–ø–Ω–∏–∫–∞–º–∏",text,
36,855499,2022-02-09 08:54:47+00:00,,463034736,,"–î–æ–±—Ä–µ, —â–æ —Ç–∏ –∑–Ω–∞—î—à, —â–æ —Ç–∏ —Ö–æ—á–µ—à)",text,
37,855498,2022-02-09 08:54:35+00:00,,463034736,,–Ø –∑—Ä–æ–∑—É–º—ñ–ª–∞,text,
38,855497,2022-02-09 08:46:15+00:00,PeerUser(user_id=463034736),395158213,,"–≤–∏—Ä—ñ—à–∏–ª–∞, —â–æ –Ω–µ —Ö–æ—á—É —ó—Ö–∞—Ç–∏ü•∫",text,
39,855496,2022-02-09 08:45:50+00:00,PeerUser(user_id=463034736),395158213,,–¥–∞—à—É—à—à–∫–∞–∞,text,
40,855495,2022-02-09 08:39:15+00:00,,463034736,,"–ú–∞—à—É–Ω—è, —Ç–∏ —â–æ—Å—å –ø—Ä–∏–¥—É–º–∞–ª–∞?",text,
41,855377,2022-02-08 18:48:57+00:00,PeerUser(user_id=463034736),395158213,,"–∞–ª–µ —è –ø–æ–¥—É–º–∞—é, –¥–∞",text,
42,855375,2022-02-08 18:48:49+00:00,PeerUser(user_id=463034736),395158213,,"—Ç–∞–∫–∫, –ø—ñ–¥–æ–∑—Ä—é—é, —â–æ –π —Ü—å–æ–≥–æ –±—É–¥–µ!!!",text,
43,855372,2022-02-08 18:48:15+00:00,,463034736,,–¢–∞–º –±—É–ª–æ –¥—É–∂–µ —Ñ–∞–π–Ω–æ –º–∏–Ω—É–ª–æ–≥–æ —Ä–∞–∑—É,text,
44,855366,2022-02-08 18:47:58+00:00,,463034736,,"–î–æ–±—Ä–µ, —è –Ω–µ –∑–º—É—à—É—é, –∞–ª–µ –ø–æ–¥—É–º–∞–π",text,
45,855347,2022-02-08 18:42:35+00:00,PeerUser(user_id=463034736),395158213,,"—ñ —Å–∫–∞–∂—É —Ç–æ–±—ñ —á–∏ –ø—ñ–∑–Ω—ñ—à–µ, —á–∏ –≤–∂–µ –∑—Ä–∞–Ω–∫—É",text,
46,855346,2022-02-08 18:42:22+00:00,PeerUser(user_id=463034736),395158213,,–∞–ª–µ –¥–∞–≤–∞–π —è —â–µ —Å—å–æ–≥–æ–¥–Ω—ñ –ø–æ–¥—É–º–∞—é,text,
47,855345,2022-02-08 18:41:51+00:00,PeerUser(user_id=463034736),395158213,,—è –ø—Ä–æ—Å—Ç–æ –æ–¥–µ—Å—É –Ω–µ –¥—É–∂–µ —Å–ø—Ä–∏–π–º–∞—é,text,
48,855344,2022-02-08 18:41:41+00:00,PeerUser(user_id=463034736),395158213,,—Ö–∑—Ö–∑,text,
49,855343,2022-02-08 18:41:35+00:00,PeerUser(user_id=463034736),395158213,,–≤–æ–Ω–∞ –∑ –±–∞–¥–¥—ñ,text,
50,855342,2022-02-08 18:38:53+00:00,,463034736,,–ú–æ–∂–µ –ø—Ä–æ–π–¥—É—Ç—å –¥–æ —Ç—Å—Ä—É?...,text,
51,855341,2022-02-08 18:38:36+00:00,,463034736,,–Ø —Ö–æ—Ç—ñ–ª–∞ –∫–ª–∞—Å–Ω—É –ø–æ—ó–∑–¥–∫—É...,text,
52,855340,2022-02-08 18:38:25+00:00,,463034736,,–Ø –Ω–µ —Ö–æ—á—É —Ç–∞–∫((,text,
53,855339,2022-02-08 18:38:16+00:00,,463034736,,"–ê –º–∞—Ä–≥–æ –∑—ñ —Å–≤–æ—î—é –≥—Ä—É–ø–æ—é, –¥–∞?",text,
54,855338,2022-02-08 18:38:07+00:00,,463034736,,–û—á—ñ–Ω—å —Å—É–º–Ω–æ((((,text,
55,855164,2022-02-08 17:04:08+00:00,PeerUser(user_id=463034736),395158213,,–±–æ —è –≤–∂–µ —è–∫–æ—Å—å —Ç—Ä–æ—à–∫–∏ –∑–∞–≥—É–±–∏–ª–∞ –∑–∞–ø–∞–ª —ó—Ö–∞—Ç–∏,text,
56,855163,2022-02-08 17:03:55+00:00,PeerUser(user_id=463034736),395158213,,–Ω–∞–ø–µ–≤–Ω–æ —ó–¥—å –∑ —É—Å—ñ–º–∞,text,
57,855162,2022-02-08 17:03:48+00:00,PeerUser(user_id=463034736),395158213,,–∞–ª–µ –±–ª—ñ–Ω,text,
58,855161,2022-02-08 17:03:44+00:00,PeerUser(user_id=463034736),395158213,,—É –º–µ–Ω–µ –º–µ–Ω—Ç–∞–ª —ñ—à—à—É—Å(,text,
59,855160,2022-02-08 17:03:38+00:00,PeerUser(user_id=463034736),395158213,,–±–ª—ñ–Ω —Å–æ—Ä—ñ —à–æ —è —Ç–µ–±–µ —ñ–≥–Ω–æ—Ä—é —Ö—Ö–∞—Ö—Ö—Ö—ñ—ñ—Ö—Ö—ñ—Ö—Ö,text,
60,855159,2022-02-08 17:03:31+00:00,PeerUser(user_id=463034736),395158213,,–î–ê–®–®–®,text,
61,855158,2022-02-08 17:02:28+00:00,,463034736,,,voice,24
62,851588,2022-01-31 16:04:17+00:00,,463034736,,"–°—Ö–æ–¥–∏–ª–∞ –Ω–∞ –ø—Ä–æ–≥—É–ª—è–Ω–∫—É –ø—ñ–¥ —Ü–µ, –ø—Ä–æ—Å—Ç–æ –∫–∞–π—Ñ",text,
63,851560,2022-01-31 12:30:56+00:00,,463034736,,–î—è–∫—É—é,text,
64,851559,2022-01-31 12:28:59+00:00,PeerUser(user_id=463034736),395158213,,—Ç–∞–º –Ω–æ—Ä–º–∞–ª—å–Ω—ñ —Ñ–æ—Ä–º–∏ –±—É–ª–∏ —É –Ω–∞—Å,text,
65,851558,2022-01-31 12:28:54+00:00,PeerUser(user_id=463034736),395158213,,2,text,
66,851557,2022-01-31 12:28:04+00:00,PeerUser(user_id=463034736),395158213,,–∑–∞—Ä–∞–∑ –≥–ª—è–Ω—É,text,
67,851556,2022-01-31 12:28:01+00:00,PeerUser(user_id=463034736),395158213,,"–æ–π, –Ω–µ –ø–∞–º'—è—Ç–∞—é",text,
68,851555,2022-01-31 12:26:19+00:00,,463034736,,–ù–∞ –ø–µ—Ä—à—ñ–π —á–∏ –¥—Ä—É–≥—ñ–π?,text,
69,851554,2022-01-31 12:23:50+00:00,,463034736,,–ë—É–¥—å –ª–∞—Å–∫–∞‚ù§Ô∏è,text,
70,851553,2022-01-31 12:23:44+00:00,PeerUser(user_id=463034736),395158213,,–¥—è–∫—É—é!!!!,text,
71,851552,2022-01-31 12:23:38+00:00,PeerUser(user_id=463034736),395158213,,–∫–∞–ø–µ—Ü... —è –∑—Ä–æ–∑—É–º—ñ–ª–∞.,text,
72,851551,2022-01-31 12:23:25+00:00,PeerUser(user_id=463034736),395158213,,–æ–≥–æ–æ–æ–æ,text,
73,851550,2022-01-31 12:23:23+00:00,PeerUser(user_id=463034736),395158213,,–æ–æ–æ–æ–æ–æ–æ–æ,text,
74,851549,2022-01-31 12:23:21+00:00,,463034736,,194.44.143.138,text,
75,851548,2022-01-31 12:23:04+00:00,,463034736,,,photo,
76,851547,2022-01-31 12:22:46+00:00,,463034736,,–Ü —Ç–∞–º —Ç—Ä–µ–±–∞ –≤–≤–µ—Å—Ç–∏ –≤—Å–µ —â–æ —î –Ω–∞ –¥–∏—Å—Ç–µ–¥—É,text,
77,851545,2022-01-31 12:22:31+00:00,PeerUser(user_id=463034736),395158213,,—Ç–∞–∫,text,
78,851544,2022-01-31 12:22:20+00:00,,463034736,,–¢–∞–º —î –∫–Ω–æ–ø–æ—á–∫–∞ +,text,
79,851543,2022-01-31 12:22:14+00:00,PeerUser(user_id=463034736),395158213,,–∞,text,
80,851542,2022-01-31 12:22:12+00:00,,463034736,,–ù—î,text,
81,851541,2022-01-31 12:22:05+00:00,PeerUser(user_id=463034736),395158213,,—ñ –∑–∞–π—Ç–∏ –≤ —Ä—É—Ç,text,
82,851540,2022-01-31 12:22:02+00:00,PeerUser(user_id=463034736),395158213,,–¥–∞,text,
83,851539,2022-01-31 12:21:54+00:00,,463034736,,–ù–∞–∂–º–∏ –Ω–∞ –∫–Ω–æ–ø–æ—á–∫—É –±—É–¥–∏–Ω–æ—á–∫–∞,text,
84,851538,2022-01-31 12:21:46+00:00,PeerUser(user_id=463034736),395158213,,"–∞–∞–∞, —Ç—Ä–µ–±–∞ –≤ —Ä—É—Ç –ø—ñ—Ç–∏???",text,
85,851537,2022-01-31 12:21:27+00:00,,463034736,,–ß–∏ —Ç–∏ —Ä—É—Ç –Ω–∞–∑–≤–∞–ª–∞ student,text,
86,851536,2022-01-31 12:21:12+00:00,,463034736,,–¢–∞–∫ —Ç–∏ –≤–∂–µ –ø—ñ–¥'—î–¥–Ω–∞–Ω–∞?,text,
87,851535,2022-01-31 12:20:42+00:00,PeerUser(user_id=463034736),395158213,,,text,
88,851534,2022-01-31 12:20:22+00:00,PeerUser(user_id=463034736),395158213,,"–Ω—ñ,–∞–ª–µ —É –ª–µ–∫—Ü—ñ—ó –∫–æ–ª–∏—Å—å –≤–æ–Ω–æ –±—É–ª–æ",text,
89,851533,2022-01-31 12:20:20+00:00,,463034736,,–ö–∏–Ω—å —Å–∫—Ä—ñ–Ω,text,
90,851532,2022-01-31 12:20:09+00:00,PeerUser(user_id=463034736),395158213,,—ñ –Ω–µ –∑–Ω–∞—é –∫—É–¥–∏ —â–æ –ø–∏—Å–∞—Ç–∏,text,
91,851531,2022-01-31 12:20:09+00:00,,463034736,,–¢–∏ –∑–Ω–∞—î—à —â–æ—Å—å –ø—Ä–æ –Ω–æ—Ä–º–∞–ª—ñ–∑–∞—Ü—ñ—é?,text,
92,851530,2022-01-31 12:20:04+00:00,PeerUser(user_id=463034736),395158213,,"—è –ø—Ä–æ—à–ª—å–æ–ø–∞–ª–∞ –ø–æ—è—Å–Ω–µ–Ω–Ω—è, –±–æ –ø–µ—Ä–µ–≤—Å—Ç–∞–Ω–æ–≤–ª—é–≤–∞–ª–∞ –≤–æ—Ä–∫–±–µ–Ω—á",text,
93,851529,2022-01-31 12:19:45+00:00,,463034736,,–£ —Ç–µ–±–µ –Ω–µ –≤–∏—Ö–æ–¥–∏—Ç—å?,text,
94,851527,2022-01-31 12:19:34+00:00,,463034736,,–¢–∞,text,
95,851526,2022-01-31 12:18:48+00:00,PeerUser(user_id=463034736),395158213,,–∞ —Ç–∏ –ø—ñ–¥'—î–¥–Ω–∞–ª–∞—Å—å —Ç—É–¥–∏ –¥–æ —Å–µ—Ä–≤–µ—Ä–∞???,text,
96,851396,2022-01-30 18:49:54+00:00,PeerUser(user_id=463034736),395158213,,–Ω—ñ...,text,
97,851390,2022-01-30 18:38:34+00:00,,463034736,,6 –Ω–µ–º–∞?üòÖ,text,
98,851369,2022-01-30 17:14:38+00:00,,463034736,,–¢–∞–∫,text,
99,851368,2022-01-30 17:14:07+00:00,PeerUser(user_id=463034736),395158213,,–∞ –≤ –ø—É–Ω–∫—Ç—ñ 5 –º–∏ —Ä–∞—Ö—É—î–º–æ accept time i submit time?,text,
100,851367,2022-01-30 17:05:27+00:00,PeerUser(user_id=463034736),395158213,,—Ö–º..... –¥—è–∫—É—é,text,
101,851366,2022-01-30 17:05:02+00:00,,463034736,,"# hint: look at the dataframe apply method
def convert_times(df, column):
  df[column]=df[column].apply(format_date)
  return df[column]",text,
102,851365,2022-01-30 16:56:26+00:00,PeerUser(user_id=463034736),395158213,,–∞ —è–∫ —Ç–∏ –Ω–∞–ø–∏—Å–∞–ª–∞ convert_times? —É –º–µ–Ω–µ —è–∫–∏–π—Å—å –µ—Ä—Ä–æ—Ä –≤–∏–¥–∞—î...,text,
103,851347,2022-01-30 16:14:53+00:00,PeerUser(user_id=463034736),395158213,,"–¥–æ–±—Ä–µ, –¥—è–∫—É—é –¥—É–∂–µ! –Ω–∞–ø–µ–≤–Ω–æ –ø–∏—Å–∞—Ç–∏–º—É",text,
104,851346,2022-01-30 16:13:21+00:00,,463034736,,,voice,11
105,851345,2022-01-30 16:12:58+00:00,PeerUser(user_id=463034736),395158213,,üçÑ,sticker,
106,851344,2022-01-30 16:12:53+00:00,PeerUser(user_id=463034736),395158213,,–¥—è–∫—É—é!!!!,text,
107,851343,2022-01-30 16:12:49+00:00,PeerUser(user_id=463034736),395158213,,–≤–∞—É....,text,
108,851342,2022-01-30 16:12:43+00:00,PeerUser(user_id=463034736),395158213,,–æ–≥–æ–æ–æ–æ,text,
109,851341,2022-01-30 16:11:16+00:00,,463034736,,"import time
import datetime
# TODO 
# convert the given date into a timestamp (in seconds)
def format_date(date):
  return (datetime.datetime.strptime(date, ""%Y-%m-%d %H:%M:%S"").timestamp()/60)",text,
110,851340,2022-01-30 16:07:06+00:00,PeerUser(user_id=463034736),395158213,,–∫—Ä—É—Ç–æ–æ–æ,text,
111,851339,2022-01-30 16:07:05+00:00,PeerUser(user_id=463034736),395158213,,"–æ–≥–æ–æ–æ, –≤–∞—É!!!",text,
112,851338,2022-01-30 16:05:57+00:00,,463034736,,–ó–∞—Ä–∞–∑,text,
113,851337,2022-01-30 16:05:55+00:00,,463034736,,–¢–∞–∫–∏–π —Å–∞–º–∏–π),text,
114,851336,2022-01-30 16:05:12+00:00,PeerUser(user_id=463034736),395158213,,–≤–æ–Ω–æ –±–ª–∏–∑—å–∫–∏–π —Ä–µ–∑—É–ª—å—Ç–∞—Ç –≤–∏–¥–∞—î?,text,
115,851335,2022-01-30 16:05:01+00:00,PeerUser(user_id=463034736),395158213,,"–æ–æ–æ —Ç–∞–∫, –±—É–¥—å –ª–∞—Å–∫–∞!",text,
116,851334,2022-01-30 16:04:42+00:00,,463034736,,–ú–æ–∂—É –∫–∏–Ω—É—Ç–∏,text,
117,851333,2022-01-30 16:04:36+00:00,,463034736,,–Ø –∑–Ω–∞–π—à–ª–∞ –Ω–∞—á–µ –±—ñ–ª—å—à –º–µ–Ω—à,text,
118,851332,2022-01-30 15:56:50+00:00,PeerUser(user_id=463034736),395158213,,–∞–ª–µ –≤–æ–Ω–æ –ø–æ-–¥—É—Ä–Ω–æ–º—É —è–∫–æ—Å—å –ø—Ä–∞—Ü—é—î...,text,
119,851331,2022-01-30 15:51:43+00:00,PeerUser(user_id=463034736),395158213,,https://en.proft.me/2017/06/8/how-convert-datetime-timestamp-python/,photo,
120,851330,2022-01-30 15:51:42+00:00,PeerUser(user_id=463034736),395158213,,–¥–∞—à!!! –¥–∏–≤–∏—Å—å,text,
121,851296,2022-01-30 10:09:49+00:00,,463034736,,–û–∫‚ù§Ô∏è,text,
122,851295,2022-01-30 10:08:37+00:00,PeerUser(user_id=463034736),395158213,,–≥–ª—è–Ω—É –∑–∞ –≥–æ–¥–∏–Ω–∫—É,text,
123,851294,2022-01-30 10:08:34+00:00,PeerUser(user_id=463034736),395158213,,—Ç–∞–∫—Å,text,
124,851292,2022-01-30 09:59:03+00:00,,463034736,,–¶–µ —è–∫—Ä–∞–∑ –ø–µ—Ä–µ–¥–æ—Å—Ç–∞–Ω–Ω—î –∑–∞–≤–¥–∞–Ω–Ω—è,text,
125,851291,2022-01-30 09:58:51+00:00,,463034736,,–¢–∞–º –¥–µ –ø—Ä–æ—Å—è—Ç—å –∑–∞ –¥–æ–ø–æ–º–æ–≥–æ—é developer tools —Ä–æ–∑—ñ–±—Ä–∞—Ç–∏—Å—è,text,
126,851290,2022-01-30 09:56:47+00:00,PeerUser(user_id=463034736),395158213,,–∞ –¥–µ —Ü–µ???,text,
127,851289,2022-01-30 09:53:32+00:00,,463034736,,"–¢–∏ —Ä–æ–∑—ñ–±—Ä–∞–ª–∞—Å—è –∑ —Ç–∏–º, —è–∫ –∑–Ω–∞–π—Ç–∏ –Ω–æ–º–µ—Ä —Ç–∞–±–ª–∏—Ü—ñ –Ω–∞ —Å—Ç–æ—Ä—ñ–Ω—Ü—ñ –≤—ñ–∫—ñ–ø–µ–¥—ñ—ó?",text,
128,851288,2022-01-30 09:53:05+00:00,PeerUser(user_id=463034736),395158213,,–∞–ª–µ —è –¥–µ—Å—å –∑–∞ 2 –≥–æ–¥–∏–Ω–∏ —â–µ –≥–ª—è–Ω—É,text,
129,851287,2022-01-30 09:52:58+00:00,PeerUser(user_id=463034736),395158213,,"–∑ —É—Å—ñ–º —ñ–Ω—à–∏–º –º–æ–∂—É –¥–æ–ø–æ–º–æ–≥—Ç–∏, –∞ –∑ —Ü–∏–º –Ω—ñ —Ö–∞—Ö–∞—Ö—Ö–∞—Ö",text,
130,851286,2022-01-30 09:52:58+00:00,,463034736,,–û–π –æ–π(,text,
131,851285,2022-01-30 09:52:48+00:00,PeerUser(user_id=463034736),395158213,,—è —Å–∞–º–∞ —Ü—å–æ–≥–æ –Ω–µ –∑–Ω–∞—éüò≠üò≠ –¥–∞–ª—ñ –≤–∂–µ –ø–æ–≥–∞–Ω–æ –¥–∏–≤–∏–ª–∞—Å—å,text,
132,851284,2022-01-30 09:52:14+00:00,,463034736,,"–Ü –≤ –æ—Å—Ç–∞–Ω–Ω—å–æ–º—É –∑–∞–≤–¥–∞–Ω–Ω—ñ –º–∏ –º–µ—Ç–æ–¥–∏ –±—É–∫–≤–∞–ª—å–Ω–æ –≤ –æ–¥–∏–Ω —Ä—è–¥–æ–∫ –ø–∏—à–µ–º–æ, –ø—Ä–æ—Å—Ç–æ —Å—Ç–∞–Ω–¥–∞—Ä—Ç–Ω—ñ –≤–∏–∫–ª–∏–∫–∞—î–º–æ?",text,
133,851283,2022-01-30 09:51:47+00:00,,463034736,,–¢–∞–º –∑ –ø–µ—Ä–µ—Ç–≤–æ—Ä–µ–Ω–Ω—è–º –¥–∞—Ç–∏ —ñ —á–∞—Å—É,text,
134,851282,2022-01-30 09:51:35+00:00,,463034736,,–ê —Ç–∏ –º–æ–∂–µ—à –ø–æ—è—Å–Ω–∏—Ç–∏ —Ç—Ä–æ—Ö–∏ –ø—Ä–æ–≥—É –±—É–¥—å –ª–∞—Å–∫–∞,text,
135,851279,2022-01-30 09:51:13+00:00,PeerUser(user_id=463034736),395158213,,–∞ —â–ª???,text,
136,851277,2022-01-30 09:51:07+00:00,,463034736,,"–ú–∞—à, —Ç–∏ –∑–∞–π–Ω—è—Ç–∞?ü•∫",text,
137,851227,2022-01-30 01:25:08+00:00,,463034736,,,video,19
138,851226,2022-01-30 00:49:21+00:00,,463034736,,,voice,22
139,851225,2022-01-30 00:48:24+00:00,,463034736,,,video,57
140,851224,2022-01-30 00:47:22+00:00,,463034736,,,video,51
141,850699,2022-01-29 12:36:31+00:00,PeerUser(user_id=463034736),395158213,,–±—É–¥–µ–º —ñ–º–µ—Ç—å –≤ –≤—ñ–¥—É,text,
142,850698,2022-01-29 12:36:22+00:00,PeerUser(user_id=463034736),395158213,,–∞–ª–µ —Ç–µ–∂,text,
143,850697,2022-01-29 12:36:17+00:00,PeerUser(user_id=463034736),395158213,,"–Ω—É, —è —É –ª—å–≤–æ–≤—ñ —â–µ —Ä—ñ–¥—à–µ –±—É–≤–∞—é –Ω—ñ–∂ —É –∫–∏—î–≤—ñ —Ö–∞—Ö–∞—Ö",text,
144,850696,2022-01-29 12:36:04+00:00,PeerUser(user_id=463034736),395158213,,–∞–∞–∞–æ–æ,text,
145,850693,2022-01-29 12:35:55+00:00,,463034736,,–¶–µ —è —Ç–∞–∫–µ –ø—Ä–æ –ª—å–≤—ñ–≤ —á—É–ª–∞,text,
146,850691,2022-01-29 12:35:43+00:00,PeerUser(user_id=463034736),395158213,,–±—É–¥–µ–º–æ –∑–Ω–∞—Ç–∏!,text,
147,850690,2022-01-29 12:35:38+00:00,PeerUser(user_id=463034736),395158213,,"–æ–≥–æ —Ü—ñ–∫–∞–≤–æ, —è–∫—ñ—Å—å –∫–∏—ó–≤—Å—å–∫—ñ —à—Ç—É—á–∫—ñ, –≤ –¥–Ω—ñ–ø—Ä—ñ —Ç–∞–∫–æ–≥–æ –Ω–µ –±–∞—á–∏–ª–∞ü§îü§îü§î",text,
148,850683,2022-01-29 12:27:14+00:00,,463034736,,,voice,36
149,850682,2022-01-29 12:26:36+00:00,,463034736,,,voice,81
150,850579,2022-01-29 11:28:50+00:00,PeerUser(user_id=463034736),395158213,,"–∞–ª–µ —Ç–∞–∫ –¥–∏–≤–Ω–æ, —â–æ –≤–∞—Å –Ω–µ –ø—É—Å—Ç–∏–ª–∏, –±—É–ª–æ –± —Ü—ñ–∫–∞–≤–æ –¥—ñ–∑–Ω–∞—Ç–∏—Å—å —á–æ–≥–æü§îü§î",text,
151,850578,2022-01-29 11:28:26+00:00,PeerUser(user_id=463034736),395158213,,"–±–ª—ñ—ñ–Ω!!! –ø–æ—á–∏–Ω–∞–ª–æ—Å—å —É—Å–µ –¥—ñ–π—Å–Ω–æ —Ç–∞–∫ –∫–ª–∞—Å–Ω–æ!! –≤–∂–µ —Ö–æ—Ç—ñ–ª–∞ –≤—ñ—Ç–∞—Ç–∏, –∞–ª–µ –¥—É–∂–µ —à–∫–æ–¥–∞, —â–æ –ø–æ—Ç—ñ–º —É—Å–µ –∑—ñ–ø—Å—É–≤–∞–ª–æ—Å—å :( –∞–ª–µ –≤—Å–µ –æ–¥–Ω–æ, —Ç–∏ –Ω–µ –ø—Ä–æ—Å–∏–¥—ñ–ª–∞ —Ü–µ–π –¥–µ–Ω—å —É–¥–æ–º–∞ —ñ –º–æ–∂–µ –∑—Ä–æ–±–∏–ª–∞ —è–∫—ñ—Å—å –∫–æ—Ä–∏—Å–Ω—ñ –≤–∏—Å–Ω–æ–≤–∫–∏ —á–∏ –ø–æ–¥—É–º–∞–ª–∞ —â–æ—Å—å –∫–æ—Ä–∏—Å–Ω–µ –ø—Ä–æ –Ω–µ–ø—Ä–∏—î–º–Ω—ñ —Å–∏—Ç—É–∞—Ü—ñ—óü§î",text,
152,850568,2022-01-29 07:29:47+00:00,,463034736,,,voice,32
153,850567,2022-01-29 07:17:33+00:00,,463034736,,,video,55
154,850566,2022-01-29 06:04:55+00:00,,463034736,,,voice,145
155,850559,2022-01-28 21:50:47+00:00,PeerUser(user_id=463034736),395158213,,–ø—Ä–æ –≤—Å–µ!!!,text,
156,850558,2022-01-28 21:50:44+00:00,PeerUser(user_id=463034736),395158213,,"–æ–æ–æ–æ–æ —è–∫ –∫—Ä—É—Ç–æ!!! –±–ª—ñ–Ω, —á–µ–∫–∞—é –Ω–∞ —Ü—é –∫—É–ª—Å—Ç–æ—Ä—ñ, —ñ –ø—Ä–æ —Ç—Ä–æ—è–Ω–¥—É, —ñ –ø—Ä–æ –±–∞—Ä",text,
157,850557,2022-01-28 21:50:01+00:00,PeerUser(user_id=463034736),395158213,,–¥–æ–±—Ä–µ–µ —á–µ–∫–∞—Ç–∏–º—É!!!,text,
158,850556,2022-01-28 21:21:11+00:00,,463034736,,,video,32
159,850523,2022-01-28 14:24:53+00:00,PeerUser(user_id=463034736),395158213,,"—É –Ω–∏—Ö –º–æ–∂–Ω–∞ –≤—Å–µ –ø—ñ–¥—Ä—è–¥ —Å–ª—É—Ö–∞—Ç–∏, –ø—Ä–æ—Å—Ç–æ –Ω–µ–π–º–æ–≤—ñ—Ä–Ω–æ",text,
160,850522,2022-01-28 14:24:36+00:00,PeerUser(user_id=463034736),395158213,,https://music.youtube.com/channel/UC6Xb7-Uz5lwF13aAZY6e5rw?feature=share,photo,
161,850521,2022-01-28 14:22:48+00:00,PeerUser(user_id=463034736),395158213,,https://music.youtube.com/watch?v=LZP2F6MUnr4&feature=share,photo,
162,850520,2022-01-28 14:22:38+00:00,PeerUser(user_id=463034736),395158213,,https://music.youtube.com/watch?v=R3WRqOf-A00&feature=share,photo,
163,850518,2022-01-28 14:22:03+00:00,PeerUser(user_id=463034736),395158213,,,voice,76
164,850517,2022-01-28 14:20:41+00:00,PeerUser(user_id=463034736),395158213,,,voice,27
165,850516,2022-01-28 14:20:12+00:00,PeerUser(user_id=463034736),395158213,,,voice,76
166,850514,2022-01-28 14:18:51+00:00,PeerUser(user_id=463034736),395158213,,,video,58
167,850267,2022-01-27 21:57:22+00:00,,463034736,,–î—è–∫—É—éü•∫,text,
168,850266,2022-01-27 21:57:10+00:00,PeerUser(user_id=463034736),395158213,,–∫–ª–∞—Å–Ω–∏–π —Å—Ç—ñ–∫–µ—Äü•∫,text,
169,850265,2022-01-27 21:56:59+00:00,PeerUser(user_id=463034736),395158213,,–≤–∞—É!,text,
170,850264,2022-01-27 21:56:51+00:00,,463034736,,‚ù§Ô∏è,sticker,
171,850263,2022-01-27 21:56:46+00:00,,463034736,,‚ù§Ô∏è‚ù§Ô∏è‚ù§Ô∏è,text,
172,850262,2022-01-27 21:56:45+00:00,PeerUser(user_id=463034736),395158213,,üçÑ,sticker,
173,850261,2022-01-27 21:56:42+00:00,PeerUser(user_id=463034736),395158213,,–Ω–∞–≤–∑–∞—î–º!!!,text,
174,850260,2022-01-27 21:56:37+00:00,,463034736,,–ì–∞—Ä–Ω–∏—Ö —Å–Ω—ñ—ñ—ñ—ñ–≤,text,
175,850259,2022-01-27 21:56:36+00:00,PeerUser(user_id=463034736),395158213,,—ó–∞—Ö—Ö–∞—Ö–∞—Ö–∞—Ö,text,
176,850258,2022-01-27 21:56:31+00:00,,463034736,,–Ø —Å–æ–±—ñ –Ω–∞–≤—ñ—Ç—å –ª—ñ–Ω—É—é—Å—å –∑—Ä–æ–±–∏—Ç–∏...,text,
177,850257,2022-01-27 21:56:29+00:00,PeerUser(user_id=463034736),395158213,,—Ç–∏ –º–µ–Ω—ñ –ø–∏—à–∏ —è–∫—â–æ —â–æ!! –∑–∞–≤–∂–¥–∏ —Ä–∞–¥–∞–∞üß°üß°,text,
178,850256,2022-01-27 21:56:23+00:00,,463034736,,"–ë–ª—ñ–Ω, —Ü–µ —Ç–∞–∫ –∫–ª–∞—Å–Ω–æ, –±—É–¥—É –∑–Ω–∞—Ç–∏ –¥–æ –∫–æ–≥–æ –∑–≤–µ—Ä—Ç–∞—Ç–∏—Å—è",text,
179,850255,2022-01-27 21:56:14+00:00,PeerUser(user_id=463034736),395158213,,–∞–ª–µ –∑–∞—Ä–∞–∑ —É–∂–µ –ø—ñ–¥—É,text,
180,850254,2022-01-27 21:56:04+00:00,PeerUser(user_id=463034736),395158213,,üíãüíã,text,
181,850253,2022-01-27 21:55:58+00:00,PeerUser(user_id=463034736),395158213,,"—è –ø—Ä–æ—Å—Ç–æ –æ–±–æ–∂–Ω—é—é –ø–ª–µ–π–ª–∏—Å—Ç–∏ —Ä–æ–±–∏—Ç–∏, —Ç–æ–º—É –Ω–µ –≤—Ç—Ä–∏–º–∞–ª–∞—Å—å.... –Ω–µ –∑–Ω–∞—é, –Ω–∞—Å–∫—ñ–ª—å–∫–∏ –≤—ñ–Ω –∑–∞–π–¥–µ, –ø–æ—Ç—ñ–º —Ä–æ–∑–∫–∞–∂–µ—à!",text,
182,850252,2022-01-27 21:55:44+00:00,,463034736,,–î—è–∫—É—é –¥—è–∫—É—é,text,
183,850251,2022-01-27 21:55:31+00:00,PeerUser(user_id=463034736),395158213,,"–∫–ª–∞—Å, –¥—è–∫—É—é!!!",text,
184,850250,2022-01-27 21:55:19+00:00,PeerUser(user_id=463034736),395158213,,"–Ω–µ –∑–Ω–∞—é, –∞–ª–µ –ø–æ –≤—ñ–¥—á—É—Ç—Ç—è—Ö –Ω–∞—á–µ —Ç–∞–∫–µ —Ö–∞—Ö–∞—Ö–∞—Ö",text,
185,850249,2022-01-27 21:55:08+00:00,,463034736,,–û–≥–æ –æ–≥–æ,text,
186,850248,2022-01-27 21:54:56+00:00,PeerUser(user_id=463034736),395158213,,https://music.youtube.com/playlist?list=PLl4Go8tV0uhPujDa2eJtqq8QucnbWGnT5&feature=share,photo,
187,850247,2022-01-27 21:47:08+00:00,,463034736,,,voice,35
188,850246,2022-01-27 21:46:17+00:00,,463034736,,–í—ñ–Ω —Ç–∞–∫–µ –ø–ª–∞–Ω—É–≤–∞–≤? –¢—Ä–µ–±–∞ —Å–ª—É—Ö–∞—Ç–∏ —É–≤–∞–∂–Ω—ñ—à–µüòÖ,text,
189,850245,2022-01-27 21:45:49+00:00,PeerUser(user_id=463034736),395158213,,–∞ –∫—É—Ä–æ—á–∫—ñ–Ω –º–æ–∂–µ –ø–æ–∫–∏ –ø–æ–≤—á–∏—Ç—å –Ω–∞—Å –ø–µ—Ä–µ–∫–æ–Ω—É–≤–∞—Ç–∏ –ª—é–¥–µ–π,text,
190,850244,2022-01-27 21:45:36+00:00,PeerUser(user_id=463034736),395158213,,"—Ç–∞–∞–∫–∫–∫, —Ç–µ–∂ –¥–æ–±—Ä–µ –±—É–¥–µ!! —Å–ø–ª–∞–Ω—É—î–º–æ —Ç–æ–±—ñ –ø—Ä–æ–≥—Ä–∞–º—É",text,
191,850243,2022-01-27 21:45:15+00:00,PeerUser(user_id=463034736),395158213,,"–¥—è–∫—É—é! —è –∑–∞—Ü—ñ–Ω—é –Ω–∞–ø–µ–≤–Ω–æ –∑–∞–≤—Ç—Ä–∞, –±–æ –≤–∑–∞–≥–∞–ª—ñ –≤–∫–ª–∞–¥–∞—é—Å—å —Å–ø–∞—Ç–∏ —Ö–∞—Ö–∞—Ö",text,
192,850242,2022-01-27 21:44:56+00:00,,463034736,,–ß—É–¥–æ–≤–æ,text,
193,850241,2022-01-27 21:44:50+00:00,,463034736,,–ö–ª–∞–∞–∞–∞–∞—Å,text,
194,850240,2022-01-27 21:44:49+00:00,PeerUser(user_id=463034736),395158213,,–∞–ª–µ —É –º–µ–Ω–µ —Å—å–æ–≥–æ–¥–Ω—ñ –Ω–∞—Å—Ç—Ä—ñ–π –≥—Ä–∞–Ω–∂–µ–≤–æ-–ø–∞–Ω–∫–æ–≤–æ-—à–∞–Ω—Å–æ–Ω–æ–≤–∏–π,text,
195,850239,2022-01-27 21:44:24+00:00,PeerUser(user_id=463034736),395158213,,–Ω—É —à—Ç–æ —Ç–µ–±–µ –ø–æ–≤–µ–∑–ª–æüòé —â–∞—Å –Ω–∞–∫–∞—Ç–∞—é —Ç–æ–±—ñ –ø–ª–µ–π–ª–∏—Å—Ç,text,
196,850238,2022-01-27 21:42:07+00:00,,463034736,,,voice,32
197,850237,2022-01-27 21:41:29+00:00,,463034736,"MessageFwdHeader(date=datetime.datetime(2022, 1, 27, 13, 39, 13, tzinfo=datetime.timezone.utc), imported=False, from_id=PeerUser(user_id=395158213), from_name=None, channel_post=None, post_author=None, saved_from_peer=None, saved_from_msg_id=None, psa_type=None)",https://music.youtube.com/watch?v=n-QW-5DKlQQ&feature=share,photo,
198,850233,2022-01-27 21:40:38+00:00,,463034736,,https://music.youtube.com/watch?v=htfXNDWRPZM&feature=share,photo,
199,850232,2022-01-27 21:40:07+00:00,,463034736,,,voice,27
200,850231,2022-01-27 21:39:29+00:00,,463034736,,,voice,82
201,850229,2022-01-27 21:38:11+00:00,PeerUser(user_id=463034736),395158213,,–∞ –¥–µ —Ç–∏ –º—É–∑–∏–∫—É —Å–ª—É—Ö–∞—î—à??? —ñ —á–æ–≥–æ –±–∞–∂–∞—î—Ç–µ?? —è–∫–∏–π —É –≤–∞—Å –Ω–∞—Å—Ç—Ä—ñ–π?!!!,text,
202,850228,2022-01-27 21:37:50+00:00,PeerUser(user_id=463034736),395158213,,"–º–æ–∂–µ, –∫–≤–∞—Ä—Ç–∏—Ä–∫—É –∑–Ω—ñ–º–µ—Ç–µ",text,
203,850227,2022-01-27 21:37:42+00:00,PeerUser(user_id=463034736),395158213,,"—è–∫—â–æ —Ç–∏ —â–µ –∫–æ–≥–æ—Å—å –∑–Ω–∞–π–¥–µ—à, –ø–∏—à–∏!!!",text,
204,850226,2022-01-27 21:37:33+00:00,PeerUser(user_id=463034736),395158213,,—Ç–æ–¥—ñ –¥–æ–≥–æ–≤–æ—Ä—ñ–ª—ñ—Å—å üòé,text,
205,850225,2022-01-27 21:37:24+00:00,PeerUser(user_id=463034736),395158213,,"–±–ª—ñ–Ω —è–∫ –∫–ª–∞—Å–Ω–æüò≠üò≠ –Ω—É —è —Ç—Ä–æ—à–∫–∏ —Ä–æ–∑–±–∏—Ä–∞—é—Å—å —ñ –ø—ñ–¥–∫–∞–∑–∞—Ç–∏ –∑–º–æ–∂—É!!! —è–∫—â–æ —â–æ –ø–∏—à–∏, –∞–ª–µ —è —Ç–µ–∂ –Ω–µ –Ω–∞ –≤–∏—Å–æ–∫–æ–º—É —Ä—ñ–≤–Ω—ñ –ø–æ–∫–∏!!",text,
206,850224,2022-01-27 21:36:27+00:00,,463034736,,,voice,31
207,850223,2022-01-27 21:36:14+00:00,PeerUser(user_id=463034736),395158213,,–æ–æ–æ–æ–æ–æ,text,
208,850222,2022-01-27 21:35:35+00:00,,463034736,,,video,30
209,850221,2022-01-27 21:35:15+00:00,PeerUser(user_id=463034736),395158213,,"—Ç–æ–¥—ñ –¥–æ–±—Ä–µ —Ö–ø—Ö–∞–ø—Ö—Ö, –Ω–µ –ª—é–±–ª—é –ø—Ä–æ—Å—Ç–æ —Å—Ç–∞–≤–∞—Ç–∏ –∫–∞—Ç–∞–ª—ñ–∑–∞—Ç–æ—Ä–æ–º —à—Ç—É–∫, —è–∫—ñ –ø–æ—Ç—ñ–º –ª—é–¥—è–º –Ω–µ –ø–æ–¥–æ–±–∞—é—Ç—å—Å—è, —ñ –¥—É–∂–µ —Å—Ç—Ä–∞—à–Ω–æ –º–µ–Ω—ñ –±—Ä–∞—Ç–∏ —Ç–∞–∫—É –≤—ñ–¥–ø–æ–≤—ñ–¥–∞–ª—å–Ω—ñ—Å—Ç—å, —é –Ω–æ—É",text,
210,850220,2022-01-27 21:34:57+00:00,,463034736,,,voice,27
211,850219,2022-01-27 21:34:26+00:00,,463034736,,,voice,22
212,850218,2022-01-27 21:34:03+00:00,PeerUser(user_id=463034736),395158213,,"–¥–∞ —è –ø–æ–≥–æ–¥–∂—É—é—Å—åüò≠ –Ω–µ –ª—é–±–ª—é –¥—ñ—Ä–µ–∫—Ç, —Å—Ç—Ä—å–æ–º–Ω–∏–π",text,
213,850217,2022-01-27 21:34:02+00:00,,463034736,,,voice,16
214,850216,2022-01-27 21:29:51+00:00,,463034736,,,voice,22
215,850215,2022-01-27 21:28:35+00:00,PeerUser(user_id=463034736),395158213,,"–∫–ª–∞—Å, —Ç—Ä–µ–±–∞ –¥—ñ–π—Å–Ω–æ –ø–æ–¥–∏–≤–∏—Ç–∏—Å—å –∫–≤–∏—Ç–æ—á–∫–∏....",text,
216,850214,2022-01-27 21:28:23+00:00,PeerUser(user_id=463034736),395158213,,–±–ª—ñ–Ω –¥—è–∫—É—é –∑–∞ –≤—ñ–¥–≥—É–∫!!!! –∫–æ–ª–∏ —Å–∫–∞–∑–∞–ª–∞ –ø—Ä–æ –≤–æ–ª–æ—Å—Å—è —Ç–æ —è –ø—Ä—è–º –∑—Ä–æ–∑—É–º—ñ–ª–∞ —â–æ —Ñ—ñ–ª—å–º –∫–ª–∞—Å–Ω–∏–π —Ö–∞—Ö–∞—Ö—Ö–∞—Ö—Ö,text,
217,850213,2022-01-27 21:27:58+00:00,,463034736,,–û–π –æ–π —Ç–µ–ª–µ–≥—Ä–∞–º –≤–º–µ—Ä,text,
218,850212,2022-01-27 21:27:49+00:00,PeerUser(user_id=463034736),395158213,,—Ö—Ö–æ—Ö–æ—Ö —É –¥—É—Ä–æ–≤–∞ –ø—Ä–æ–±–ª–µ–º–∫–∏üò∞,text,
219,850211,2022-01-27 21:22:33+00:00,,463034736,,,voice,18
220,850210,2022-01-27 21:21:34+00:00,,463034736,,,voice,79
221,850209,2022-01-27 21:18:56+00:00,PeerUser(user_id=463034736),395158213,,,video,11
222,850208,2022-01-27 21:18:35+00:00,PeerUser(user_id=463034736),395158213,,,video,58
223,850207,2022-01-27 21:17:36+00:00,PeerUser(user_id=463034736),395158213,,,video,58
224,850206,2022-01-27 20:45:23+00:00,,463034736,,,video,35
225,848088,2022-01-24 12:34:01+00:00,,463034736,,–†–æ–∑—É–º—ñ—é,text,
226,848087,2022-01-24 12:33:55+00:00,PeerUser(user_id=463034736),395158213,,"—è –ø–æ—Å–ª—É—Ö–∞—î—à, —Å—Ç–∞—î —Å—Ç—Ä–∞—à–Ω–æ —Ö–∞—Ö–∞—Ö",text,
227,848086,2022-01-24 12:33:49+00:00,PeerUser(user_id=463034736),395158213,,–≤—Å–µ —â–æ –ø—Ä–æ –Ω–µ—ó —Ä–æ–∑–∫–∞–∑—É—é—Ç—å,text,
228,848085,2022-01-24 12:33:44+00:00,PeerUser(user_id=463034736),395158213,,–∞–ª–µ,text,
229,848084,2022-01-24 12:33:43+00:00,PeerUser(user_id=463034736),395158213,,–¥–∞,text,
230,848081,2022-01-24 12:33:30+00:00,,463034736,,–í–æ–Ω–∞ –Ω–∞—á–µ –Ω–µ —Ç–∞–∫–∞ —Å—Ç—Ä–∞—à–Ω–∞....,text,
231,848080,2022-01-24 12:33:17+00:00,,463034736,,–°–ª–æ–∂–Ω–∞ –∂–∏—Ç—å,text,
232,848079,2022-01-24 12:33:14+00:00,PeerUser(user_id=463034736),395158213,,—Å–æ—Ä—ñ!!!,text,
233,848078,2022-01-24 12:33:13+00:00,,463034736,,–û—Ö—Ö—Ö,text,
234,848077,2022-01-24 12:33:06+00:00,PeerUser(user_id=463034736),395158213,,"–Ω—ñ, —è –±–æ—é—Å—å –∞—Ö—Ö–∞—Ö–∞—Ö–∞—Ö—Ö–∞",text,
235,848076,2022-01-24 12:32:58+00:00,,463034736,,–¢–∏ –Ω–µ –∑–º–æ–∂–µ—à –≤–∏–ø–∞–¥–∫–æ–≤–æ?üòÖ,text,
236,848075,2022-01-24 12:32:54+00:00,PeerUser(user_id=463034736),395158213,,–æ–æ–æ –Ω—É –¥–∞,text,
237,848074,2022-01-24 12:32:49+00:00,,463034736,,–Ü –≤ –º–µ–Ω–µ —â–µ —Å—É—Å—ñ–¥–∏ —Å–≤–µ—Ä–ª—è—Ç—å,text,
238,848073,2022-01-24 12:32:43+00:00,,463034736,,"–¢—Ä–µ–±–∞ —Å–ø–∏—Ç–∞—Ç–∏, –∞–ª–µ —Å—Ç—Ä–∞—à–Ω–æ",text,
239,848072,2022-01-24 12:32:11+00:00,PeerUser(user_id=463034736),395158213,,—Ü–µ —Ç—Ä–µ–±–∞ –ø–æ—á–∏—Ç–∞—Ç–∏,text,
240,848071,2022-01-24 12:32:04+00:00,PeerUser(user_id=463034736),395158213,,–Ω–µ –∑–Ω–∞—éü§îü§î,text,
241,848070,2022-01-24 12:31:33+00:00,,463034736,,–ê–ª–µ –∫–æ–ª–∏ —Ç–∞–∫–∞ —Å–∏—Ç—É–∞—Ü—ñ—è –≤—ñ–¥–±—É–≤–∞—î—Ç—å—Å—è,text,
242,848069,2022-01-24 12:31:22+00:00,,463034736,,–¢–∞–∫ –Ω–∞—á–µ –¥–∞,text,
243,848068,2022-01-24 12:31:08+00:00,PeerUser(user_id=463034736),395158213,,"–∞–ª–µ –∫–æ–ª–∏ –º–µ–Ω—ñ –º–µ–Ω—ñ, —Ç–æ –Ω–µ —Å—Ç–æ—è—Ç—å —Å—Ç—Ä—ñ–ª–æ—á–∫–∏",text,
244,848067,2022-01-24 12:30:52+00:00,PeerUser(user_id=463034736),395158213,,"–∞ —è –¥—É–º–∞—é, —â–æ —Ü–µ –º–µ–Ω—ñ –º–µ–Ω—ñ",text,
245,848065,2022-01-24 12:27:42+00:00,,463034736,,–©–æ–± —Å—Ç—Ä—ñ–ª–æ—á–∫–∏ –±—É–ª–∏ –≤ –¥–≤—ñ —Å—Ç–æ—Ä–æ–Ω–∏ –≥–æ—Å—Ç—Ä—ñ,text,
246,848064,2022-01-24 12:27:26+00:00,,463034736,,"–ê —Ç–∞–º –¥–µ –≤ –Ω–∞—Å plays, —Ü–µ –∑–≤'—è–∑–æ–∫ –º–µ–Ω—ñ —Ç—É –º–µ–Ω—ñ? –ú–µ–Ω—ñ –∑–¥–∞—î—Ç—å—Å—è, —â–æ —Ç–∞–º –º–æ–∂–µ –±—É—Ç–∏ –∑–≤'—è–∑–æ–∫ many to one, –∞–ª–µ –≤ –æ–±–∏–¥–≤–∞ –±–æ–∫–∏",text,
247,848063,2022-01-24 12:26:15+00:00,PeerUser(user_id=463034736),395158213,,–∫—É–∫—É! –¥–∞,text,
248,848062,2022-01-24 12:23:59+00:00,,463034736,,–ü—Ä–∏–≤—ñ—Ç! –¢–∏ —Ä–æ–±–∏—à –∑–∞—Ä–∞–∑?,text,
249,847037,2022-01-22 16:55:49+00:00,PeerUser(user_id=463034736),395158213,,—Ç–æ—á–Ω–æ –¥–∞–¥–∞ –¥—è–∫—É—é!!!,text,
250,847036,2022-01-22 16:55:20+00:00,,463034736,,@da_shunia_,text,
251,847035,2022-01-22 16:55:10+00:00,,463034736,,–û–π,text,
252,847034,2022-01-22 16:54:57+00:00,PeerUser(user_id=463034736),395158213,,–¥–∞—à–∞ —è–∫–∏–π —É —Ç–µ–±–µ —ñ–Ω—Å—Çüò∞üò∞üò∞üò∞üò∞üò∞üò∞,text,
253,845178,2022-01-19 14:50:25+00:00,,463034736,,üëç,sticker,
254,845175,2022-01-19 14:49:11+00:00,PeerUser(user_id=463034736),395158213,,–æ–∫—Å!,text,
255,845172,2022-01-19 14:48:17+00:00,,463034736,,–ó—Ä–æ–±–∏—à —á–∞—Ç—ñ–∫?,text,
256,845171,2022-01-19 14:48:07+00:00,,463034736,,–ß—É–¥–æ–≤–æ,text,
257,845161,2022-01-19 14:46:25+00:00,PeerUser(user_id=463034736),395158213,,"–¥–∞–¥–∞, –¥—è–∫—É—é!!",text,
258,845159,2022-01-19 14:46:20+00:00,PeerUser(user_id=463034736),395158213,,—Ö–∞—Ö–∞—Ö—Ö–∞—Ö—Ö–∞—Ö,text,
259,845157,2022-01-19 14:46:06+00:00,,463034736,,"–ê —Ç–æ —è —Ç–µ–±–µ —Ç–∞–∫ –∫–∏–Ω—É–ª–∞, —Å–æ—Ä—ñüòÖ",text,
260,845156,2022-01-19 14:45:56+00:00,,463034736,,–¢–∞–º —Ç–∞–∫ —Å–∞–º–æ —è–∫ 192,text,
261,845155,2022-01-19 14:45:50+00:00,,463034736,,–ê —Ç–∏ –∂ –∑–Ω–∞—î—à –¥–µ –≤–∏—Ö–æ–¥–∏—Ç–∏?,text,
262,734089,2021-04-01 09:19:52+00:00,,463034736,,"–ê, –æ–∫",text,
263,734088,2021-04-01 09:18:15+00:00,PeerUser(user_id=463034736),395158213,,–ø—Ä–∏–≤—ñ—Ç!! —Ç–∞–∫ :(,text,
264,734083,2021-04-01 09:05:34+00:00,,463034736,,–ü—Ä–∏–≤—ñ—Ç! –ê –≤ —Ç–µ–±–µ –≤–∂–µ —î –ø–∞—Ä–∞ –Ω–∞ –ª–∞–±—É?,text,
265,723524,2021-03-09 20:29:54+00:00,,463034736,,"–¢–∞ –¥–∞, —Å—Ç—Ä–∞—à–Ω–µ –∑–∞–≤–¥–∞–Ω–Ω—è",text,
266,723522,2021-03-09 20:29:05+00:00,PeerUser(user_id=463034736),395158213,,"–∂–µ—Å—Ç—å, —è–∫ –≤–∞–∂–∫–æ –∞—Ö–∞—Ö–ø",text,
267,723520,2021-03-09 20:28:57+00:00,PeerUser(user_id=463034736),395158213,,–æ–≥–æ!!!,text,
268,723519,2021-03-09 20:28:55+00:00,PeerUser(user_id=463034736),395158213,,–±–ª—ñ–Ω,text,
269,723518,2021-03-09 20:28:53+00:00,PeerUser(user_id=463034736),395158213,,–∞–∞–∞–∞–∞–∞–∞,text,
270,723516,2021-03-09 20:28:05+00:00,,463034736,,–ü—Ä–æ—Å—Ç–æ –º–∞–∫—Å–∏–º–∞–ª—å–Ω–æ –º–∞–ª–µ —á–∏—Å–ª–æ,text,
271,723514,2021-03-09 20:27:53+00:00,,463034736,,"–ï—Ä —Ü–µ —è–∫ –æ—Ü–µ–π –∑–Ω–∞—á–æ–∫ –≤ –º–∞—Ç–∞–Ω—ñ, –Ω–∞—á–µ –µ–ø—Å–∏–ª–æ–Ω, —è–∫–∏–π –≤–∏–∫–æ—Ä–∏—Å—Ç–æ–≤—É—î–º–æ —É –≤—Å—è–∫–∏—Ö –æ–∑–Ω–∞—á–µ–Ω–Ω—è—Ö –ø–æ—Ö—ñ–¥–Ω–æ—ó —á–∏ —á–æ–≥–æ—Å—å —Ç–∞–∫–æ–≥–æ",text,
272,723504,2021-03-09 20:27:24+00:00,PeerUser(user_id=463034736),395158213,,–¥—è–∫—É—é!,text,
273,723503,2021-03-09 20:27:22+00:00,PeerUser(user_id=463034736),395158213,,—Ñ—É—É—Ö—Ö—Ö—Ö—Ö,text,
274,723502,2021-03-09 20:27:16+00:00,PeerUser(user_id=463034736),395158213,,–∞–≥–∞,text,
275,723496,2021-03-09 20:26:20+00:00,,463034736,,–Ø –≤–≤–æ–∂—É —è–∫–µ—Å—å –¥—É–∂–µ –º–∞–ª–µ–Ω—å–∫–µ —á–∏—Å–ª–æ,text,
276,723495,2021-03-09 20:25:55+00:00,,463034736,,–ü—Ä–æ—Å—Ç–æ –≤ double,text,
277,723483,2021-03-09 20:20:13+00:00,PeerUser(user_id=463034736),395158213,,"–∞ —â–æ –º–∏ –º–∞—î–º–æ –≤–≤–æ–¥–∏—Ç–∏, –∫–æ–ª–∏ –≤–≤–æ–¥–∏–º–æ –µ—Ä, —ñ –∫—É–¥–∏ –π–æ–≥–æ –∫–ª–∞—Å—Ç–∏???",text,
278,723482,2021-03-09 20:19:46+00:00,PeerUser(user_id=463034736),395158213,,—Ç—Ä–æ—à–∫–∏ –∑—Ä–æ–∑—É–º—ñ–ª—ñ—à–µ!,text,
279,723481,2021-03-09 20:19:40+00:00,PeerUser(user_id=463034736),395158213,,"—Ç–∞–∫, –æ–∫–µ–π",text,
280,723461,2021-03-09 20:10:17+00:00,,463034736,,,voice,64
281,723438,2021-03-09 20:07:10+00:00,PeerUser(user_id=463034736),395158213,,"—è –Ω–µ —Ä–æ–∑—É–º—ñ—é –¥–æ—Å—ñ, —â–æ —Ç–∞–∫–µ —Ç–æ—á–Ω—ñ—Å—Ç—å –≤ 7 —Ç–∞ 8 –∑–∞–≤–¥–∞–Ω–Ω—è—Ö",text,
282,723436,2021-03-09 20:06:53+00:00,PeerUser(user_id=463034736),395158213,,–æ—Ö,text,
283,723431,2021-03-09 19:44:33+00:00,,463034736,,–¢—Ä–µ–±–∞ —â–µ —â–æ—Å—å –ø–æ—è—Å–Ω–∏—Ç–∏ –∑ –ª–∞–±–∏?,text,
284,723330,2021-03-09 17:05:44+00:00,PeerUser(user_id=463034736),395158213,,"—Ç–∞–∫, —Ü–µ –ø—Ä–∞–≤–∏–ª—å–Ω–æ",text,
285,723329,2021-03-09 17:05:28+00:00,,463034736,,–ù–µ –±—É–¥–µ–º–æ –∑—É–ø–∏–Ω—è—Ç–∏—Å—è,text,
286,723328,2021-03-09 17:05:21+00:00,,463034736,,"–ù—É –¥–æ–±—Ä–µ, —É–∂–µ –ø—Ä–∞—Ü—é—î",text,
287,723327,2021-03-09 17:05:08+00:00,,463034736,,–¢–∞–∫ —Ü–µ —î –Ω–∞—á–µ,text,
288,723326,2021-03-09 17:04:39+00:00,PeerUser(user_id=463034736),395158213,,–º–∞—î –±—É—Ç–∏,text,
289,723325,2021-03-09 17:04:37+00:00,PeerUser(user_id=463034736),395158213,,–∞ –º–æ–∂–Ω–∞ –ø—Ä–æ—Å—Ç–æ –≤–≤–µ—Å—Ç–∏ –∞—Å–º.–ø—Ä–æ–≥—Ä–∞–º —ñ –≤—Å–µ –±—É–¥–µ –æ–∫,text,
290,723324,2021-03-09 17:04:25+00:00,PeerUser(user_id=463034736),395158213,,—Ç–∏–ø—É –º–æ–∂–µ –ø–æ–ø—Ä–∏–≤'—è–∑—É–≤–∞—Ç–∏ —Ç–æ–±—ñ –ª–µ–π–±–ª–∏ —ñ —Ñ–æ–Ω—Ç–∏ –æ–∫—Ä–µ–º–æ,text,
291,723323,2021-03-09 17:04:15+00:00,PeerUser(user_id=463034736),395158213,,–∞–ª–µ –≤—ñ–Ω —ñ–Ω–æ–¥—ñ –ø—Ä–∏–≤'—è–∑—É—î –º–∞–ª–µ–Ω—å–∫–∏–º–∏ —á–∞—Å—Ç–∏–Ω–∫–∞–º–∏,text,
292,723322,2021-03-09 17:04:06+00:00,PeerUser(user_id=463034736),395158213,,–¥–∞–¥–∞,text,
293,723321,2021-03-09 17:04:01+00:00,,463034736,,–¢–æ–±—Ç–æ –≤—Å—è –∞—Å–º —É –º–µ–Ω–µ –∂ —î,text,
294,723320,2021-03-09 17:03:45+00:00,,463034736,,"–ê–≥–∞, —è —Ç–æ –¥—É–º–∞–ª–∞, —â–æ –≤–æ–Ω–æ –∞–≤—Ç–æ–º–∞—Ç–∏—á–Ω–æ –≤—Å–µ –ø—Ä–∏–≤'—è–∑—É—î",text,
295,723319,2021-03-09 17:03:15+00:00,PeerUser(user_id=463034736),395158213,,–∞—Å–º —Ü–µ –≤–∞–∂–ª–∏–≤–æ —ñ —Å–∞–º–µ –≤–æ–Ω–∏ –π –∑–∞–±—É–≤–∞—é—Ç—å—Å—è —Ö–∞—Ö–∞,text,
296,723318,2021-03-09 17:02:54+00:00,PeerUser(user_id=463034736),395158213,,–∞–∞–∞ —Ç–æ—á–Ω–æ,text,
297,723317,2021-03-09 17:02:50+00:00,PeerUser(user_id=463034736),395158213,,–æ–π,text,
298,723316,2021-03-09 17:02:47+00:00,PeerUser(user_id=463034736),395158213,,üëç,sticker,
299,723315,2021-03-09 17:02:47+00:00,,463034736,,–¢–∏–ø—É extend font,text,
300,723314,2021-03-09 17:02:37+00:00,,463034736,,"–Ø —â–æ—Å—å —â–µ –ø—Ä–∏–≤'—è–∑–∞–ª–∞, —ñ –≤–æ–Ω–æ –ø—Ä–∞—Ü—é—î",text,
301,723313,2021-03-09 17:02:13+00:00,PeerUser(user_id=463034736),395158213,,–∞ —Ç–∏ –∑—Ä–æ–±–∏–ª–∞ add(program)?,text,
302,723312,2021-03-09 17:01:42+00:00,PeerUser(user_id=463034736),395158213,,—Ö–º,text,
303,723311,2021-03-09 17:01:41+00:00,PeerUser(user_id=463034736),395158213,,–∞ –≤–æ–Ω–∞ —É —Ç–µ–±–µ —î,text,
304,723310,2021-03-09 17:01:36+00:00,PeerUser(user_id=463034736),395158213,,–æ–π,text,
305,723309,2021-03-09 17:01:25+00:00,PeerUser(user_id=463034736),395158213,,program —Ü–µ –Ω–∞–∑–≤–∞ –ª–µ–π–±–ª–∞,text,
306,723308,2021-03-09 16:59:40+00:00,,463034736,,–©–æ —Ç—É—Ç –º–æ–∂–µ –±—É—Ç–∏ –Ω–µ —Ç–∞–∫? ((,photo,
307,723307,2021-03-09 16:52:49+00:00,PeerUser(user_id=463034736),395158213,,‚ù§,sticker,
308,723306,2021-03-09 16:52:41+00:00,,463034736,,–£–¥–∞—á—ñ ‚ù§,text,
309,723305,2021-03-09 16:52:34+00:00,PeerUser(user_id=463034736),395158213,,"–¥–æ–±—Ä–µ–Ω—å–∫–æ, –ø–æ–¥–∏–≤–ª—é—Å—å-–ø–æ—Ä–æ–∑–±–∏—Ä–∞—é—Å—å",text,
310,723304,2021-03-09 16:52:08+00:00,,463034736,,"–¢–∞–º –¥–æ–≤–æ–ª—ñ –ª–µ–≥–∫–æ, —è –±—Ä–∞–ª–∞ –∑ –ø—Ä–µ–∑–µ–Ω—Ç–∞—Ü—ñ—ó –∑ –ª–µ–∫—Ü—ñ—ó –ø—Ä–∏–Ω—Ü–∏–ø",text,
311,723303,2021-03-09 16:51:57+00:00,PeerUser(user_id=463034736),395158213,,"–æ–∫–µ–π, –¥—è–∫—É—é –¥—É–∂–µ!",text,
312,723302,2021-03-09 16:51:31+00:00,,463034736,,"–Ø —â–µ –ø–æ—Ç—ñ–º –±—É–¥—É —Ä–æ–∑–±–∏—Ä–∞—Ç–∏—Å—è, —â–æ –∑ –Ω–∏–º —Ä–æ–±–∏—Ç–∏",text,
313,723301,2021-03-09 16:51:15+00:00,,463034736,,"–¢–∞–º –≤—Å–µ –æ–∫, –∫—Ä—ñ–º count, –Ω–∞ –Ω—å–æ–≥–æ –≤–∑–∞–≥–∞–ª—ñ –Ω–µ –∑–≤–µ—Ä—Ç–∞–π —É–≤–∞–≥–∏",text,
314,723300,2021-03-09 16:50:47+00:00,PeerUser(user_id=463034736),395158213,,"–±–ª—ñ–Ω, —è–∫ —Å—Ç—Ä–∞—à–Ω–æ –≤–∏–≥–ª—è–¥–∞—î",text,
315,723299,2021-03-09 16:50:13+00:00,PeerUser(user_id=463034736),395158213,,"–æ–π, –¥—è–∫—É—é!",text,
316,723298,2021-03-09 16:49:53+00:00,,463034736,,,photo,
317,723297,2021-03-09 16:49:53+00:00,,463034736,,,photo,
318,723293,2021-03-09 16:44:49+00:00,PeerUser(user_id=463034736),395158213,,"–æ–∫–µ–π, —á–µ–∫–∞—é!",text,
319,723292,2021-03-09 16:44:34+00:00,,463034736,,"–Ø–∫—â–æ –∑—Ä–æ–∑—É–º—ñ—é, –Ω–∞–ø–∏—à—É)",text,
320,723291,2021-03-09 16:44:25+00:00,,463034736,,–î—è–∫—É—é! –ë—É–¥—É —Ä–æ–∑–±–∏—Ä–∞—Ç–∏—Å—è,text,
321,723290,2021-03-09 16:42:59+00:00,PeerUser(user_id=463034736),395158213,,"public void run() {

    this.setSize(500, 700);
    this.setFont(""Arial-16"");
    //main body, asking x and epsilon, than outputting the calculation's result with recursion,recurrence and math.pow
    while (true) {
      println(""The program calculates e^x"");
      double x = readDouble(""Enter the x[0;1): "");
      //in case entered x is not right
       while (!(0 < x & x <=1)) {
            println(""Entered number is less or more than [0;1)"");
          double x1 = readDouble(""Enter the x[0;1): "");
          x=x1;
          }
      double ep = readDouble(""Enter the precision: "");
      //in case entered epsilon is not right
      while (ep <= 0) {
            println(""You should enter the positive number."");
            double ep1 = readDouble(""Enter the precision: "");
            ep=ep1;
          }
      
      double sum = 1;
      double n = 1;
      double prev = 1;

      println(""--------------------------------------------------"");
      println(""Recursion: "" + recursion(sum, x, ep, prev, n));
      println(""Recurrence: "" + recurrence(sum, x, ep, prev, n));
      println(""Math.pow: "" + Math.pow(Math.E, x));
      println(""--------------------------------------------------"");

      restart();
    }

  }
  //method for restarting the program
  private void restart() {
    int restart = readInt(""Print 1 to restart: "");
    if (restart == 1) {
      return;
    }
  }
  //recursion
  private double recursion(double sum, double x, double ep, double prev, double n) {
    double current = prev * x / n;
    sum = sum + current;
    if (current < ep) {
      return sum;
    }
    return recursion(sum, x, ep, current, n + 1);
  }
  //recurrence
  private double recurrence(double sum, double x, double ep, double prev, double n) {
    double current = 1;
    while (current > ep) {
      current = prev * x / n;
      sum = sum + current;
      n++;
      prev = current;
    }
    return sum;
  }",text,
322,723289,2021-03-09 16:42:11+00:00,PeerUser(user_id=463034736),395158213,,"–∞–∫–µ–π, —â–∞—Å",text,
323,723288,2021-03-09 16:33:32+00:00,,463034736,,–¢–∞,text,
324,723287,2021-03-09 16:33:22+00:00,,463034736,,–ê–ª–µ —è–∫ —Ö–æ—á–µ—à,text,
325,723286,2021-03-09 16:33:16+00:00,,463034736,,"–ù—É, —è —Å–ø–∏—Å—É–≤–∞—Ç–∏ –∫–æ–¥ –Ω–µ –±—É–¥—É, —Ö–æ—á—É —Ç—ñ–ª—å–∫–∏ –∑—Ä–æ–∑—É–º—ñ—Ç–∏, —â–æ –≤—ñ–¥–±—É–≤–∞—î—Ç—å—Å—è",text,
326,723285,2021-03-09 16:30:51+00:00,PeerUser(user_id=463034736),395158213,,"–∞–ª–µ –±–ª—ñ–Ω, –≤–æ–Ω–∏ –∂ —Ç–∏–ø—É –Ω–µ –º–æ—ó....",text,
327,723284,2021-03-09 16:30:36+00:00,PeerUser(user_id=463034736),395158213,,"–±—É–¥–µ –æ–∫, —è–∫—â–æ —è –ø—Ä–æ—Å—Ç–æ —Ç–µ–∫—Å—Ç–æ–º —Å–∫–∏–Ω—É –∫–æ–¥–∏??",text,
328,723283,2021-03-09 16:30:20+00:00,PeerUser(user_id=463034736),395158213,,–∑–∞—Ä–∞–∑ —Å—é–¥–∏ –∫–∏–Ω—É,text,
329,723282,2021-03-09 16:30:16+00:00,PeerUser(user_id=463034736),395158213,,—Ç–∞–∫—Å,text,
